numero_securite_sociale,numero_adresse,nom_personne,prenom_personne,mail_personne,telephone_personne
1,6,Dupont,Chlo√©,chloe.dupont@email.fr,612345678
2,7,Kim,Mathieu,mathieu.kim@email.fr,623456789
3,8,Santos,Alice,alice.santos@email.fr,634567890
4,9,Martin,Soo,soo.martin@email.fr,645678901
5,10,Ivanov,Paul,paul.ivanov@email.fr,656789012
6,11,Chen,Julie,julie.chen@email.fr,667890123
7,12,Fernandez,Thomas,thomas.fernandez@email.fr,678901234
8,13,Moreau,Sasha,sasha.moreau@email.fr,689012345
9,14,Moretti,Marie,marie.moretti@email.fr,690123456
10,15,Leroux,Kevin,kevin.leroux@email.fr,723456789